{
	"class_name" : "PinholeCameraParameters",
	"extrinsic" : 
	[
		0.95559611259710053,
		0.12633642351032548,
		-0.26622392395111533,
		0.0,
		0.29444537157090173,
		-0.44537630721645627,
		0.8455423514707624,
		0.0,
		-0.011747031530695718,
		-0.88638538631052144,
		-0.46279904298233437,
		0.0,
		4.2234340541384583,
		-3.0279564691952405,
		43.303364839180091,
		1.0
	],
	"intrinsic" : 
	{
		"height" : 863,
		"intrinsic_matrix" : 
		[
			747.37992346597059,
			0.0,
			0.0,
			0.0,
			747.37992346597059,
			0.0,
			799.5,
			431.0,
			1.0
		],
		"width" : 1600
	},
	"version_major" : 1,
	"version_minor" : 0
}